fips,wuiClass,year,nh,pv,bp
6001,3,1975,92,48293e3,0.011590999551117
6001,3,1985,94,51503e3,0.011590999551117
6001,3,1995,94,51503e3,0.011590999551117
6001,3,2005,96,53986e3,0.011590999551117
6001,3,2015,99,56961e3,0.011590999551117
6001,3,2019,99,56961e3,0.011590999551117
6003,1,1975,5,1699500,0.014976000413299
6003,1,1985,5,1699500,0.014976000413299
6003,1,1995,5,1699500,0.014976000413299
6003,1,2005,5,1699500,0.014976000413299
6003,1,2015,5,1699500,0.014976000413299
6003,1,2019,5,1699500,0.014976000413299
6007,3,1975,153,18104500,0.016123999841511
6007,3,1985,155,18321500,0.016123999841511
6007,3,1995,155,18321500,0.016123999841511
6007,3,2005,155,18321500,0.016123999841511
6007,3,2015,155,18321500,0.016123999841511
6007,3,2019,155,18321500,0.016123999841511
6007,4,1975,101,5172100,0.019068999215961
6007,4,1985,101,5172100,0.019068999215961
6007,4,1995,101,5172100,0.019068999215961
6007,4,2005,101,5172100,0.019068999215961
6007,4,2015,101,5172100,0.019068999215961
6007,4,2019,101,5172100,0.019068999215961
6007,5,1975,1823,275744e3,0.016144500114023835
6007,5,1985,1616,288397e3,0.0158390000462534
6007,5,1995,1293,265195e3,0.0172757501713935
6007,5,2005,1364,294731e3,0.0172757501713935
6007,5,2015,1396,306839e3,0.0172757501713935
6007,5,2019,1398,307429e3,0.0172757501713935
6007,6,1975,1056,239725e3,0.0170785002410415
6007,6,1985,1833,359241e3,0.017276333644986333
6007,6,1995,2555,504991e3,0.015480250120163
6007,6,2005,2742,562413e3,0.015480250120163
6007,6,2015,2886,597769e3,0.015480250120163
6007,6,2019,2894,599769e3,0.015480250120163
6009,5,1975,669,451279e3,0.013019999799629
6009,5,1985,797,59086e4,0.013019999799629
6009,5,1995,891,77227e4,0.013019999799629
6009,5,2005,938,84843e4,0.013019999799629
6009,5,2015,982,92943e4,0.013019999799629
6009,5,2019,982,92943e4,0.013019999799629
6009,6,1975,2126,109693e4,0.011790500022471
6009,6,1985,2511,122499e4,0.011790500022471
6009,6,1995,3137,156177e4,0.011790500022471
6009,6,2005,3763,193259e4,0.011790500022471
6009,6,2015,4343,230672e4,0.011790500022471
6009,6,2019,4344,230742e4,0.011790500022471
6011,1,1975,17,3527100,0.010790999978781
6011,1,1985,17,3527100,0.010790999978781
6011,1,1995,17,3527100,0.010790999978781
6011,1,2005,18,3833200,0.010790999978781
6011,1,2015,18,3833200,0.010790999978781
6011,1,2019,18,3833200,0.010790999978781
6011,3,1975,220,670757e3,0.012685666792095
6011,3,1985,220,670757e3,0.012685666792095
6011,3,1995,220,670757e3,0.012685666792095
6011,3,2005,222,685377e3,0.012685666792095
6011,3,2015,224,685478e3,0.012685666792095
6011,3,2019,224,685478e3,0.012685666792095
6011,6,1975,929,1243e5,0.014887999743223
6011,6,1985,968,12898e4,0.014887999743223
6011,6,1995,991,13345e4,0.014887999743223
6011,6,2005,1001,13532e4,0.014887999743223
6011,6,2015,1003,13558e4,0.014887999743223
6011,6,2019,1003,13558e4,0.014887999743223
6013,6,1975,1685,2463e6,0.013888999819756
6013,6,1985,1892,28639e5,0.013888999819756
6013,6,1995,2094,32881e5,0.013888999819756
6013,6,2005,2463,38824e5,0.013888999819756
6013,6,2015,2531,4109e6,0.013888999819756
6013,6,2019,2555,41847e5,0.013888999819756
6015,1,1975,18,38064,0.010284000076354
6015,1,1985,18,38064,0.010284000076354
6015,1,1995,18,38064,0.010284000076354
6015,1,2005,18,38064,0.010284000076354
6015,1,2015,18,38064,0.010284000076354
6015,1,2019,18,38064,0.010284000076354
6017,2,1975,168,4759771200,0.0124600000679494
6017,2,1985,174,4763549800,0.0124600000679494
6017,2,1995,174,4763549800,0.0124600000679494
6017,2,2005,174,4763549800,0.0124600000679494
6017,2,2015,174,4763549800,0.0124600000679494
6017,2,2019,174,4763549800,0.0124600000679494
6017,3,1975,165,543205e3,0.012679500039666999
6017,3,1985,165,543205e3,0.012679500039666999
6017,3,1995,165,543205e3,0.012679500039666999
6017,3,2005,165,543205e3,0.012679500039666999
6017,3,2015,165,543205e3,0.012679500039666999
6017,3,2019,165,543205e3,0.012679500039666999
6017,5,1975,276,82376e4,0.013477999716997
6017,5,1985,299,83091e4,0.013477999716997
6017,5,1995,311,8364e5,0.013477999716997
6017,5,2005,321,83978e4,0.013477999716997
6017,5,2015,338,84497e4,0.013477999716997
6017,5,2019,338,84497e4,0.013477999716997
6019,2,1975,65,90847e3,0.0126399998553095
6019,2,1985,65,90847e3,0.0126399998553095
6019,2,1995,65,90847e3,0.0126399998553095
6019,2,2005,65,90847e3,0.0126399998553095
6019,2,2015,65,90847e3,0.0126399998553095
6019,2,2019,65,90847e3,0.0126399998553095
6019,3,1975,239,485932e3,0.014755000049869
6019,3,1985,142,446124e3,0.0154880001209675
6019,3,1995,142,446124e3,0.0154880001209675
6019,3,2005,142,446124e3,0.0154880001209675
6019,3,2015,142,446124e3,0.0154880001209675
6019,3,2019,142,446124e3,0.0154880001209675
6019,4,1975,125,10527e4,0.010391999967396
6019,4,1985,226,146534e3,0.011840499937534
6019,4,1995,237,151557e3,0.011840499937534
6019,4,2005,244,154741e3,0.011840499937534
6019,4,2015,244,154741e3,0.011840499937534
6019,4,2019,244,154741e3,0.011840499937534
6019,5,1975,1384,820069e3,0.01343950000591575
6019,5,1985,996,653739e3,0.012856666619579
6019,5,1995,1137,708183e3,0.012856666619579
6019,5,2005,676,481153e3,0.010491999797523001
6019,5,2015,677,48156e4,0.010491999797523001
6019,5,2019,677,48156e4,0.010491999797523001
6019,6,1975,2959,80753e4,0.011091000090042666
6019,6,1985,3911,115875e4,0.0121152501087635
6019,6,1995,4398,133382e4,0.0121152501087635
6019,6,2005,5702,191663e4,0.013209400139749
6019,6,2015,5702,191663e4,0.013209400139749
6019,6,2019,5702,191663e4,0.013209400139749
6021,3,1975,235,752581460,0.013652333058416666
6021,3,1985,235,752581460,0.013652333058416666
6021,3,1995,235,752581460,0.013652333058416666
6021,3,2005,237,753231460,0.013652333058416666
6021,3,2015,238,753481460,0.013652333058416666
6021,3,2019,238,753481460,0.013652333058416666
6021,4,1975,232,237008e3,0.012739499565213998
6021,4,1985,239,252769e3,0.012739499565213998
6021,4,1995,244,256984e3,0.012739499565213998
6021,4,2005,250,258438e3,0.012739499565213998
6021,4,2015,253,264384e3,0.012739499565213998
6021,4,2019,254,264458e3,0.012739499565213998
6023,1,1975,27,0,0.01347849983722
6023,1,1985,27,0,0.01347849983722
6023,1,1995,27,0,0.01347849983722
6023,1,2005,27,0,0.01347849983722
6023,1,2015,27,0,0.01347849983722
6023,1,2019,27,0,0.01347849983722
6023,2,1975,126,0,0.014310333567361
6023,2,1985,126,0,0.014310333567361
6023,2,1995,126,0,0.014310333567361
6023,2,2005,126,0,0.014310333567361
6023,2,2015,126,0,0.014310333567361
6023,2,2019,126,0,0.014310333567361
6023,4,1975,270,30611e3,0.011431499850005
6023,4,1985,270,30611e3,0.011431499850005
6023,4,1995,270,30611e3,0.011431499850005
6023,4,2005,270,30611e3,0.011431499850005
6023,4,2015,270,30611e3,0.011431499850005
6023,4,2019,270,30611e3,0.011431499850005
6023,5,1975,352,50881e4,0.013477999716997
6023,5,1985,352,50881e4,0.013477999716997
6023,5,1995,352,50881e4,0.013477999716997
6023,5,2005,352,50881e4,0.013477999716997
6023,5,2015,352,50881e4,0.013477999716997
6023,5,2019,352,50881e4,0.013477999716997
6029,1,1975,17,1323200,0.015188000164926
6029,1,1985,17,1323200,0.015188000164926
6029,1,1995,17,1323200,0.015188000164926
6029,1,2005,19,2174600,0.015188000164926
6029,1,2015,20,2413600,0.015188000164926
6029,1,2019,20,2413600,0.015188000164926
6029,3,1975,405,62217100,0.0165067998692392
6029,3,1985,407,63265100,0.0165067998692392
6029,3,1995,410,64097100,0.0165067998692392
6029,3,2005,411,64763100,0.0165067998692392
6029,3,2015,417,69695100,0.0165067998692392
6029,3,2019,417,69695100,0.0165067998692392
6029,4,1975,1772,957369100,0.014284076957175307
6029,4,1985,1634,951632800,0.01373416674323375
6029,4,1995,1486,941233600,0.013865454630418182
6029,4,2005,1318,971200500,0.0142328000627457
6029,4,2015,1333,979638500,0.0142328000627457
6029,4,2019,1333,979638500,0.0142328000627457
6029,5,1975,3158,2047744800,0.0161020999774336
6029,5,1985,3009,2083799800,0.0171511999331414
6029,5,1995,2944,991694800,0.0167214998975396
6029,5,2005,2785,1008085800,0.0155325000174344
6029,5,2015,2858,1032129800,0.0155325000174344
6029,5,2019,2861,1032480800,0.0155325000174344
6029,6,1975,11843,1543459e3,0.0197148999199271
6029,6,1985,11201,1608787e3,0.0183659999631345
6029,6,1995,13369,325683e4,0.018204272724688
6029,6,2005,14849,3599522e3,0.01852741658998025
6029,6,2015,12832,3651427e3,0.018812818114052998
6029,6,2019,12907,3756157e3,0.018812818114052998
6029,7,1975,4233,11792e5,0.013288999907672
6029,7,1985,8111,172388e4,0.018584999721497
6029,7,1995,10752,243158e4,0.018584999721497
6029,7,2005,11499,265745e4,0.018584999721497
6029,7,2015,15612,334024e4,0.017519333089391333
6029,7,2019,15692,336705e4,0.017519333089391333
6033,2,1975,120,530240,0.015042666966716333
6033,2,1985,120,530240,0.015042666966716333
6033,2,1995,121,851400,0.015042666966716333
6033,2,2005,121,851400,0.015042666966716333
6033,2,2015,121,851400,0.015042666966716333
6033,2,2019,121,851400,0.015042666966716333
6033,3,1975,440,153111560,0.0135005000047385
6033,3,1985,443,153710560,0.0135005000047385
6033,3,1995,448,153889560,0.0135005000047385
6033,3,2005,448,153889560,0.0135005000047385
6033,3,2015,452,154282560,0.0135005000047385
6033,3,2019,452,154282560,0.0135005000047385
6033,4,1975,346,528823e3,0.013189499732107
6033,4,1985,354,53337e4,0.013189499732107
6033,4,1995,361,534903e3,0.013189499732107
6033,4,2005,167,66e6,0.013888999819756
6033,4,2015,172,69121e3,0.013888999819756
6033,4,2019,172,69121e3,0.013888999819756
6033,5,1975,850,24937e4,0.012157000290850666
6033,5,1985,906,270829e3,0.012157000290850666
6033,5,1995,441,8019e4,0.012190500274300499
6033,5,2005,647,556058e3,0.012290333397686334
6033,5,2015,660,561798e3,0.012290333397686334
6033,5,2019,660,561798e3,0.012290333397686334
6033,6,1995,538,22349e4,0.012090000323951
6033,6,2005,580,2443e5,0.012090000323951
6033,6,2015,611,26016e4,0.012090000323951
6033,6,2019,613,26131e4,0.012090000323951
6033,7,1975,12248,95912e4,0.01119100023061
6033,7,1985,12925,10701e5,0.01119100023061
6033,7,1995,13340,11647e5,0.01119100023061
6033,7,2005,13503,12094e5,0.01119100023061
6033,7,2015,14235,13467e5,0.01119100023061
6033,7,2019,14237,13474e5,0.01119100023061
6035,1,1975,76,396896,0.022247833044578502
6035,1,1985,76,396896,0.022247833044578502
6035,1,1995,76,396896,0.022247833044578502
6035,1,2005,77,486836,0.022247833044578502
6035,1,2015,77,486836,0.022247833044578502
6035,1,2019,77,486836,0.022247833044578502
6035,2,1975,331,43941464,0.019102666630513222
6035,2,1985,334,43966864,0.019102666630513222
6035,2,1995,335,44008764,0.019102666630513222
6035,2,2005,335,44008764,0.019102666630513222
6035,2,2015,286,38142764,0.018919624970294625
6035,2,2019,286,38142764,0.018919624970294625
6035,3,1975,486,42277600,0.022421143150755284
6035,3,1985,494,43303400,0.022421143150755284
6035,3,1995,497,44188300,0.022421143150755284
6035,3,2005,501,45458700,0.022421143150755284
6035,3,2015,552,51787800,0.022189375245943624
6035,3,2019,552,51787800,0.022189375245943624
6035,4,1975,669,130689900,0.023062999919057
6035,4,1985,673,131427900,0.023062999919057
6035,4,1995,681,133112700,0.023062999919057
6035,4,2005,703,138995900,0.023062999919057
6035,4,2015,716,142856500,0.023062999919057
6035,4,2019,716,142856500,0.023062999919057
6035,5,1975,1196,60128e3,0.036067000590265005
6035,5,1985,1203,61439e3,0.036067000590265005
6035,5,1995,1204,61472e3,0.036067000590265005
6035,5,2005,1204,61472e3,0.036067000590265005
6035,5,2015,1205,61484e3,0.036067000590265005
6035,5,2019,1205,61484e3,0.036067000590265005
6035,6,1975,2717,208842500,0.02019275049678975
6035,6,1985,2997,260107500,0.02019275049678975
6035,6,1995,3213,309373e3,0.02019275049678975
6035,6,2005,3423,366416300,0.02019275049678975
6035,6,2015,3506,385378300,0.02019275049678975
6035,6,2019,3508,385865300,0.02019275049678975
6037,2,1975,122,57448,0.048827666789293
6037,2,1985,122,57448,0.048827666789293
6037,2,1995,122,57448,0.048827666789293
6037,2,2005,122,57448,0.048827666789293
6037,2,2015,122,57448,0.048827666789293
6037,2,2019,122,57448,0.048827666789293
6037,3,1975,514,2361836500,0.030375714812959857
6037,3,1985,518,2363836200,0.030375714812959857
6037,3,1995,521,2364936200,0.030375714812959857
6037,3,2005,524,2366886200,0.030375714812959857
6037,3,2015,524,2366886200,0.030375714812959857
6037,3,2019,524,2366886200,0.030375714812959857
6037,4,1975,661,317004e3,0.0322742003947496
6037,4,1985,665,318650800,0.0322742003947496
6037,4,1995,673,326331e3,0.0322742003947496
6037,4,2005,678,343408e3,0.0322742003947496
6037,4,2015,682,348148e3,0.0322742003947496
6037,4,2019,682,348148e3,0.0322742003947496
6037,5,1975,1540,693728e3,0.028736999817192597
6037,5,1985,1608,721013e3,0.028736999817192597
6037,5,1995,1178,670374e3,0.02480524987913675
6037,5,2005,1227,725032e3,0.02480524987913675
6037,5,2015,1237,732103e3,0.02480524987913675
6037,5,2019,1237,732103e3,0.02480524987913675
6037,6,1975,17798,2225379e4,0.023162214285028928
6037,6,1985,19770,25180369e3,0.023162214285028928
6037,6,1995,18699,15175167e3,0.025973846061298538
6037,6,2005,14678,7080973e3,0.025155363519760728
6037,6,2015,15045,7331261e3,0.025155363519760728
6037,6,2019,15050,7334081e3,0.025155363519760728
6037,7,1975,55478,786803e5,0.023918374907225374
6037,7,1985,80967,1033996e5,0.023918374907225374
6037,7,1995,103814,1389184e5,0.0222422000020743
6037,7,2005,121296,1728724e5,0.023614416675021333
6037,7,2015,125396,1847189e5,0.023614416675021333
6037,7,2019,125775,1859885e5,0.023614416675021333
6039,4,1975,842,928494e3,0.017683500268806832
6039,4,1985,880,97749e4,0.017683500268806832
6039,4,1995,763,938205e3,0.0188820002600548
6039,4,2005,424,623869e3,0.017014667081335998
6039,4,2015,241,378379e3,0.015280000399797999
6039,4,2019,241,378379e3,0.015280000399797999
6039,5,1975,1496,89515e4,0.01718625007197275
6039,5,1985,1693,102051e4,0.01718625007197275
6039,5,1995,1206,79655e4,0.014821666603287334
6039,5,2005,1173,8046e5,0.018060749862343
6039,5,2015,1457,11328e5,0.0185453999787568
6039,5,2019,1457,11328e5,0.0185453999787568
6039,6,1975,6079,343469e4,0.0155674001201986
6039,6,1985,7346,386872e4,0.0155674001201986
6039,6,1995,7206,387176e4,0.016786333639174665
6039,6,2005,8828,493189e4,0.01661514317882914
6039,6,2015,6235,391862e4,0.016969666971514665
6039,6,2019,6235,391862e4,0.016969666971514665
6039,7,1995,3224,14436e5,0.013089999556541
6039,7,2005,3540,16391e5,0.013089999556541
6039,7,2015,6786,31452e5,0.0137889999896285
6039,7,2019,6786,31452e5,0.0137889999896285
6043,1,1975,19,607230,0.01498799957335
6043,1,1985,19,607230,0.01498799957335
6043,1,1995,19,607230,0.01498799957335
6043,1,2005,19,607230,0.01498799957335
6043,1,2015,19,607230,0.01498799957335
6043,1,2019,19,607230,0.01498799957335
6043,3,1975,119,51414e3,0.01888049999252
6043,3,1985,119,51414e3,0.01888049999252
6043,3,1995,119,51414e3,0.01888049999252
6043,3,2005,119,51414e3,0.01888049999252
6043,3,2015,119,51414e3,0.01888049999252
6043,3,2019,119,51414e3,0.01888049999252
6043,4,1975,612,2799e5,0.01928450004197675
6043,4,1985,612,2799e5,0.01928450004197675
6043,4,1995,612,2799e5,0.01928450004197675
6043,4,2005,612,2799e5,0.01928450004197675
6043,4,2015,612,2799e5,0.01928450004197675
6043,4,2019,612,2799e5,0.01928450004197675
6043,5,1975,1357,457111e3,0.0177837999537588
6043,5,1985,1357,457111e3,0.0177837999537588
6043,5,1995,1357,457111e3,0.0177837999537588
6043,5,2005,1357,457111e3,0.0177837999537588
6043,5,2015,1357,457111e3,0.0177837999537588
6043,5,2019,1357,457111e3,0.0177837999537588
6043,6,1975,7167,1850529e3,0.018067333226402832
6043,6,1985,7213,1861499e3,0.018067333226402832
6043,6,1995,7278,1880459e3,0.018067333226402832
6043,6,2005,7315,1891739e3,0.018067333226402832
6043,6,2015,7336,1899109e3,0.018067333226402832
6043,6,2019,7336,1899109e3,0.018067333226402832
6045,4,1975,446,236573600,0.013653000118210998
6045,4,1985,446,236573600,0.013653000118210998
6045,4,1995,446,236573600,0.013653000118210998
6045,4,2005,446,236573600,0.013653000118210998
6045,4,2015,446,236573600,0.013653000118210998
6045,4,2019,446,236573600,0.013653000118210998
6045,5,1975,579,163474e3,0.012284999713301499
6045,5,1985,579,163474e3,0.012284999713301499
6045,5,1995,579,163474e3,0.012284999713301499
6045,5,2005,579,163474e3,0.012284999713301499
6045,5,2015,579,163474e3,0.012284999713301499
6045,5,2019,579,163474e3,0.012284999713301499
6047,2,1975,42,44056e3,0.011091000400484
6047,2,1985,42,44056e3,0.011091000400484
6047,2,1995,42,44056e3,0.011091000400484
6047,2,2005,42,44056e3,0.011091000400484
6047,2,2015,42,44056e3,0.011091000400484
6047,2,2019,42,44056e3,0.011091000400484
6047,3,1975,399,156855200,0.0123081998899582
6047,3,1985,401,160003200,0.0123081998899582
6047,3,1995,404,161729200,0.0123081998899582
6047,3,2005,409,165048200,0.0123081998899582
6047,3,2015,410,166471200,0.0123081998899582
6047,3,2019,410,166471200,0.0123081998899582
6047,4,1975,845,674721200,0.017694714213056142
6047,4,1985,857,685780500,0.017694714213056142
6047,4,1995,867,713085500,0.017694714213056142
6047,4,2005,671,595625500,0.016630333382636166
6047,4,2015,683,620095500,0.016630333382636166
6047,4,2019,683,620095500,0.016630333382636166
6047,5,1975,282,2425e5,0.019767999649048
6047,5,1985,301,24673e4,0.019767999649048
6047,5,1995,320,27139e4,0.019767999649048
6047,5,2005,535,39364e4,0.021924499422311998
6047,5,2015,543,39571e4,0.021924499422311998
6047,5,2019,543,39571e4,0.021924499422311998
6049,1,1975,15,4758470,0.014726499794051499
6049,1,1985,15,4758470,0.014726499794051499
6049,1,1995,15,4758470,0.014726499794051499
6049,1,2005,15,4758470,0.014726499794051499
6049,1,2015,15,4758470,0.014726499794051499
6049,1,2019,15,4758470,0.014726499794051499
6049,2,1975,26,8837200,0.013078999705613
6049,2,1985,26,8837200,0.013078999705613
6049,2,1995,26,8837200,0.013078999705613
6049,2,2005,27,9177100,0.013078999705613
6049,2,2015,27,9177100,0.013078999705613
6049,2,2019,27,9177100,0.013078999705613
6049,3,1975,56,15937e4,0.023662000894547
6049,3,1985,56,15937e4,0.023662000894547
6049,3,1995,56,15937e4,0.023662000894547
6049,3,2005,56,15937e4,0.023662000894547
6049,3,2015,56,15937e4,0.023662000894547
6049,3,2019,56,15937e4,0.023662000894547
6051,1,1975,30,23264050,0.011515000214179666
6051,1,1985,30,23264050,0.011515000214179666
6051,1,1995,30,23264050,0.011515000214179666
6051,1,2005,30,23264050,0.011515000214179666
6051,1,2015,30,23264050,0.011515000214179666
6051,1,2019,30,23264050,0.011515000214179666
6051,3,1975,64,175e5,0.010683000087738
6051,3,1985,64,175e5,0.010683000087738
6051,3,1995,64,175e5,0.010683000087738
6051,3,2005,68,20402e3,0.010683000087738
6051,3,2015,70,21781e3,0.010683000087738
6051,3,2019,70,21781e3,0.010683000087738
6053,1,1975,22,9422800,0.011690999846905501
6053,1,1985,23,956e4,0.011690999846905501
6053,1,1995,23,956e4,0.011690999846905501
6053,1,2005,23,956e4,0.011690999846905501
6053,1,2015,24,9959200,0.011690999846905501
6053,1,2019,24,9959200,0.011690999846905501
6053,3,1975,61,37879e3,0.010192000307143
6053,3,1985,61,37879e3,0.010192000307143
6053,3,1995,61,37879e3,0.010192000307143
6053,3,2005,61,37879e3,0.010192000307143
6053,3,2015,61,37879e3,0.010192000307143
6053,3,2019,61,37879e3,0.010192000307143
6053,4,1975,1419,1864162e3,0.011579555562801
6053,4,1985,1277,1546836e3,0.01159062504302725
6053,4,1995,1109,1299384e3,0.011761857196688857
6053,4,2005,1121,1347129e3,0.011761857196688857
6053,4,2015,1138,1362611e3,0.011761857196688857
6053,4,2019,1138,1362611e3,0.011761857196688857
6053,5,1975,1028,5168467e3,0.013539250008761751
6053,5,1985,1308,562391e4,0.0131295999512076
6053,5,1995,1186,1362746e3,0.0126499999314546
6053,5,2005,1261,1589733e3,0.0126499999314546
6053,5,2015,1359,207315e4,0.0126499999314546
6053,5,2019,1369,210527e4,0.0126499999314546
6053,6,1995,591,46936e5,0.012790000066161
6053,6,2005,656,47448e5,0.012790000066161
6053,6,2015,675,47592e5,0.012790000066161
6053,6,2019,675,47592e5,0.012790000066161
6055,2,1975,39,8578900,0.010491999797523
6055,2,1985,39,8578900,0.010491999797523
6055,2,1995,39,8578900,0.010491999797523
6055,2,2005,39,8578900,0.010491999797523
6055,2,2015,39,8578900,0.010491999797523
6055,2,2019,39,8578900,0.010491999797523
6055,5,1975,552,112986e4,0.0131395002827045
6055,5,1985,582,114936e4,0.0131395002827045
6055,5,1995,674,118012e4,0.0131395002827045
6055,5,2005,714,120085e4,0.0131395002827045
6055,5,2015,750,122136e4,0.0131395002827045
6055,5,2019,750,122136e4,0.0131395002827045
6055,6,1975,1989,23776e5,0.010091999545693
6055,6,1985,2255,26894e5,0.010091999545693
6055,6,1995,2525,30521e5,0.010091999545693
6055,6,2005,2661,33779e5,0.010091999545693
6055,6,2015,2751,35406e5,0.010091999545693
6055,6,2019,2752,35428e5,0.010091999545693
6057,4,1975,303,30247e3,0.011631499975920001
6057,4,1985,318,39287e3,0.011631499975920001
6057,4,1995,319,39636e3,0.011631499975920001
6057,4,2005,325,4159e4,0.011631499975920001
6057,4,2015,326,42126e3,0.011631499975920001
6057,4,2019,326,42126e3,0.011631499975920001
6057,5,1975,1323,229754e3,0.01901950035244225
6057,5,1985,1378,244885e3,0.01901950035244225
6057,5,1995,932,156299e3,0.0183706668516
6057,5,2005,941,160898e3,0.0183706668516
6057,5,2015,952,166893e3,0.0183706668516
6057,5,2019,952,166893e3,0.0183706668516
6057,6,1975,2243,375045e3,0.015475333357850667
6057,6,1985,2873,61447e4,0.015475333357850667
6057,6,1995,3876,97042e4,0.01684800023213025
6057,6,2005,4237,115665e4,0.01684800023213025
6057,6,2015,4424,123969e4,0.01684800023213025
6057,6,2019,4434,124628e4,0.01684800023213025
6059,4,1975,137,50908e3,0.047561999410391
6059,4,1985,144,56407e3,0.047561999410391
6059,4,1995,174,75076e3,0.047561999410391
6059,5,1975,732,71662e4,0.045263666659593665
6059,5,1985,904,96245e4,0.045263666659593665
6059,5,1995,292,22827e4,0.049959998577833
6059,5,2005,524,33212e4,0.048760998994112
6059,5,2015,545,34148e4,0.048760998994112
6059,5,2019,545,34148e4,0.048760998994112
6059,6,1975,995,2064e6,0.018385000526905
6059,6,1985,1391,23523e5,0.018385000526905
6059,6,1995,1842,193484e4,0.042915500700474
6059,6,2005,2128,229291e4,0.042915500700474
6059,6,2015,2144,23604e5,0.042915500700474
6059,6,2019,2144,23604e5,0.042915500700474
6059,7,1975,17312,139124e5,0.0246299998834725
6059,7,1985,19603,161841e5,0.0246299998834725
6059,7,1995,30071,259211e5,0.022548333431283332
6059,7,2005,43501,385129e5,0.022548333431283332
6059,7,2015,46432,418939e5,0.022548333431283332
6059,7,2019,46432,418939e5,0.022548333431283332
6061,3,1975,136,127157e4,0.014077499974519
6061,3,1985,136,127157e4,0.014077499974519
6061,3,1995,136,127157e4,0.014077499974519
6061,3,2005,136,127157e4,0.014077499974519
6061,3,2015,136,127157e4,0.014077499974519
6061,3,2019,136,127157e4,0.014077499974519
6061,5,1975,1663,771698e3,0.015200749738142
6061,5,1985,1365,755925e3,0.015175666349629666
6061,5,1995,953,151511e3,0.016223999671638
6061,5,2005,484,59212e3,0.015076000243425
6061,5,2015,491,62883e3,0.015076000243425
6061,5,2019,493,63921e3,0.015076000243425
6061,6,1975,830,97157e3,0.013379000127316
6061,6,1985,1445,202116e3,0.014327500015497499
6061,6,1995,2107,897523e3,0.013911333245536
6061,6,2005,2752,105539e4,0.01477649970911475
6061,6,2015,2863,110659e4,0.01477649970911475
6061,6,2019,2872,11084e5,0.01477649970911475
6061,7,1975,8306,27813e5,0.012280000373721
6061,7,1985,8327,27882e5,0.012280000373721
6061,7,1995,8366,28427e5,0.012280000373721
6061,7,2005,8388,28785e5,0.012280000373721
6061,7,2015,8397,28805e5,0.012280000373721
6061,7,2019,8397,28805e5,0.012280000373721
6063,1,1975,38,2348708,0.011980666778981667
6063,1,1985,38,2348708,0.011980666778981667
6063,1,1995,38,2348708,0.011980666778981667
6063,1,2005,38,2348708,0.011980666778981667
6063,1,2015,38,2348708,0.011980666778981667
6063,1,2019,38,2348708,0.011980666778981667
6063,2,1975,147,25974400,0.0164985000155865
6063,2,1985,99,7375500,0.018237333434323336
6063,2,1995,99,7375500,0.018237333434323336
6063,2,2005,99,7375500,0.018237333434323336
6063,2,2015,100,7579900,0.018237333434323336
6063,2,2019,100,7579900,0.018237333434323336
6063,3,1975,317,71772900,0.0129793999716642
6063,3,1985,374,92223600,0.012696499936282832
6063,3,1995,386,94943700,0.012696499936282832
6063,3,2005,390,95725600,0.012696499936282832
6063,3,2015,393,96122200,0.012696499936282832
6063,3,2019,393,96122200,0.012696499936282832
6063,4,1975,872,102520800,0.015109166813393667
6063,4,1985,686,91082500,0.01475640013814
6063,4,1995,496,74093900,0.01245500007644325
6063,4,2005,497,74456800,0.01245500007644325
6063,4,2015,499,74629700,0.01245500007644325
6063,4,2019,499,74629700,0.01245500007644325
6063,5,1975,2970,487968e3,0.0132537501631305
6063,5,1985,3356,547015e3,0.013655889054967334
6063,5,1995,3684,603012e3,0.0146865001879633
6063,5,2005,3277,566811e3,0.015142444624669111
6063,5,2015,2843,507683e3,0.01531300018541525
6063,5,2019,2845,507852e3,0.01531300018541525
6063,6,1975,1482,21471e4,0.011082499753684
6063,6,1985,1550,22895e4,0.011082499753684
6063,6,1995,1585,2357e5,0.011082499753684
6063,6,2005,2114,305233e3,0.010915999921659668
6063,6,2015,2683,399488e3,0.011631499975919751
6063,6,2019,2685,400202e3,0.011631499975919751
6065,1,1975,115,18964640,0.05819166710393278
6065,1,1985,127,23325e3,0.05819166710393278
6065,1,1995,95,26314410,0.05837385755564471
6065,1,2005,55,25020710,0.0622739996761082
6065,1,2015,61,28893790,0.0622739996761082
6065,1,2019,61,28893790,0.0622739996761082
6065,2,1975,229,152331100,0.055898142712456717
6065,2,1985,292,185675700,0.05395687464624637
6065,2,1995,239,122435400,0.05053114292344857
6065,2,2005,256,122949600,0.05098737578373388
6065,2,2015,215,69116300,0.048550428955682574
6065,2,2019,215,69116300,0.048550428955682574
6065,3,1975,765,1371445700,0.04918790964240382
6065,3,1985,841,1403654700,0.04918790964240382
6065,3,1995,586,580677e3,0.058120111417439335
6065,3,2005,504,543096e3,0.056542250094935374
6065,3,2015,595,616509e3,0.05782044492661956
6065,3,2019,598,618957e3,0.05782044492661956
6065,4,1975,690,2157285e3,0.0580135986208916
6065,4,1985,548,1047426e3,0.050084998831153
6065,4,1995,983,1640554400,0.043165499810129376
6065,4,2005,1114,1249481500,0.046575250104069627
6065,4,2015,878,633464300,0.051475500067075
6065,4,2019,884,638184300,0.051475500067075
6065,5,1975,2051,482407e4,0.03134166666617
6065,5,1985,1262,35569e5,0.046562749426811996
6065,5,1995,1913,418174e4,0.0504595991224052
6065,5,2005,1188,232714e4,0.0605764985084535
6065,5,2015,1979,318337e4,0.05100916574398683
6065,5,2019,2033,320827e4,0.05100916574398683
6065,6,1975,858,45148e4,0.064048998057842
6065,6,1985,2637,313825e4,0.038893999531865
6065,6,1995,3470,348902e4,0.038893999531865
6065,6,2005,5932,663466e4,0.036014142579266
6065,6,2015,6589,692563e4,0.036014142579266
6065,6,2019,6694,696806e4,0.036014142579266
6065,NA,1975,24,16347e3,0.040367998182774
6069,2,1975,27,47741e4,0.010091999545693
6069,2,1985,27,47741e4,0.010091999545693
6069,2,1995,27,47741e4,0.010091999545693
6069,2,2005,27,47741e4,0.010091999545693
6069,2,2015,27,47741e4,0.010091999545693
6069,2,2019,27,47741e4,0.010091999545693
6069,3,1975,924,1643895e3,0.012653545391830636
6069,3,1985,925,1644095e3,0.012653545391830636
6069,3,1995,928,1649565e3,0.012653545391830636
6069,3,2005,937,1680565e3,0.012653545391830636
6069,3,2015,937,1680565e3,0.012653545391830636
6069,3,2019,937,1680565e3,0.012653545391830636
6069,4,1975,631,429364e3,0.0117103999480606
6069,4,1985,631,429364e3,0.0117103999480606
6069,4,1995,634,431331e3,0.0117103999480606
6069,4,2005,665,447851e3,0.0117103999480606
6069,4,2015,670,457398e3,0.0117103999480606
6069,4,2019,670,457398e3,0.0117103999480606
6069,5,1975,637,75761e4,0.012339999899268
6069,5,1985,642,77449e4,0.012339999899268
6069,5,1995,653,78626e4,0.012339999899268
6069,5,2005,663,80236e4,0.012339999899268
6069,5,2015,666,80829e4,0.012339999899268
6069,5,2019,666,80829e4,0.012339999899268
6069,6,1975,507,61366e4,0.010890999808908
6069,6,1985,518,64205e4,0.010890999808908
6069,6,1995,538,6705e5,0.010890999808908
6069,6,2005,588,7079e5,0.010890999808908
6069,6,2015,592,71512e4,0.010890999808908
6069,6,2019,592,71512e4,0.010890999808908
6071,3,1975,65,12804e3,0.036871001124382
6071,3,1985,65,12804e3,0.036871001124382
6071,3,1995,65,12804e3,0.036871001124382
6071,3,2005,65,12804e3,0.036871001124382
6071,3,2015,65,12804e3,0.036871001124382
6071,3,2019,65,12804e3,0.036871001124382
6071,4,1975,537,78571e3,0.02835224941372875
6071,4,1985,542,84713e3,0.02835224941372875
6071,4,1995,564,90823e3,0.02835224941372875
6071,4,2005,571,94643e3,0.02835224941372875
6071,4,2015,578,100286e3,0.02835224941372875
6071,4,2019,578,100286e3,0.02835224941372875
6071,5,1975,366,99186e3,0.033273000270128
6071,5,1985,377,10576e4,0.033273000270128
6071,5,1995,382,10778e4,0.033273000270128
6071,5,2005,388,1114e5,0.033273000270128
6071,5,2015,395,11384e4,0.033273000270128
6071,5,2019,395,11384e4,0.033273000270128
6071,6,1975,14298,5012281e3,0.035893167136236914
6071,6,1985,16826,6456261e3,0.035893167136236914
6071,6,1995,14444,5058675e3,0.032340400386601596
6071,6,2005,9237,2042401e3,0.030858125188387875
6071,6,2015,9668,2218223e3,0.030858125188387875
6071,6,2019,9688,2225163e3,0.030858125188387875
6071,7,1975,85477,2694498e4,0.026400888649125778
6071,7,1985,107736,35723e6,0.026400888649125778
6071,7,1995,128359,4799003e4,0.031356545419178095
6071,7,2005,145497,597293e5,0.032420077074605536
6071,7,2015,156357,684469e5,0.032420077074605536
6071,7,2019,157287,690637e5,0.032420077074605536
6073,1,1975,48,105691466,0.024687667066852333
6073,1,1985,48,105691466,0.024687667066852333
6073,1,1995,48,105691466,0.024687667066852333
6073,1,2005,48,105691466,0.024687667066852333
6073,1,2015,48,105691466,0.024687667066852333
6073,1,2019,48,105691466,0.024687667066852333
6073,2,1975,87,224906e3,0.0338730001822115
6073,2,1985,42,14826e3,0.027278000488877
6073,2,1995,42,14826e3,0.027278000488877
6073,2,2005,43,15303e3,0.027278000488877
6073,2,2015,43,15303e3,0.027278000488877
6073,2,2019,43,15303e3,0.027278000488877
6073,3,1975,295,217771800,0.0264190000016245
6073,3,1985,382,432290100,0.0292287999764088
6073,3,1995,301,220771100,0.0264190000016245
6073,3,2005,305,227028100,0.0264190000016245
6073,3,2015,305,227028100,0.0264190000016245
6073,3,2019,305,227028100,0.0264190000016245
6073,4,1975,1314,355733400,0.03909300060735811
6073,4,1985,1358,375877400,0.03909300060735811
6073,4,1995,1345,548009400,0.039459444996383555
6073,4,2005,1372,566713400,0.039459444996383555
6073,4,2015,1385,580261400,0.039459444996383555
6073,4,2019,1385,580261400,0.039459444996383555
6073,5,1975,4992,3286181e3,0.03674337471602475
6073,5,1985,4808,3247978e3,0.03699466629574687
6073,5,1995,4881,358867e4,0.037534199592967735
6073,5,2005,5068,3725029e3,0.037534199592967735
6073,5,2015,5068,3725029e3,0.037534199592967735
6073,5,2019,5068,3725029e3,0.037534199592967735
6073,6,1975,26637,16264083e3,0.031412856830727476
6073,6,1985,28967,1593207e4,0.03195528544130776
6073,6,1995,27308,1491717e4,0.03110499978065485
6073,6,2005,26774,1401281e4,0.031842841913825526
6073,6,2015,26899,1407006e4,0.031842841913825526
6073,6,2019,26908,1407376e4,0.031842841913825526
6073,7,1975,78726,394288e5,0.029631778183910554
6073,7,1985,98494,52996e6,0.028826900385320202
6073,7,1995,132658,701321e5,0.030525583618631
6073,7,2005,150586,830969e5,0.029491769436460306
6073,7,2015,150590,831009e5,0.029491769436460306
6073,7,2019,150590,831009e5,0.029491769436460306
6079,1,1975,24,10096e3,0.013189000077546
6079,1,1985,24,10096e3,0.013189000077546
6079,1,1995,24,10096e3,0.013189000077546
6079,1,2005,24,10096e3,0.013189000077546
6079,1,2015,24,10096e3,0.013189000077546
6079,1,2019,24,10096e3,0.013189000077546
6079,3,1975,738,406949400,0.0116507000289858
6079,3,1985,644,361716800,0.011568555608391777
6079,3,1995,647,364049100,0.011568555608391777
6079,3,2005,553,311499100,0.011728125042282125
6079,3,2015,554,315225100,0.011728125042282125
6079,3,2019,554,315225100,0.011728125042282125
6079,4,1975,1096,583515e3,0.013103857237313143
6079,4,1985,1232,674078e3,0.0130146250594405
6079,4,1995,909,462089e3,0.013955500132093667
6079,4,2005,862,359328e3,0.013306000114728832
6079,4,2015,877,372066e3,0.013306000114728832
6079,4,2019,877,372066e3,0.013306000114728832
6079,5,1975,1215,546277e3,0.0115655001718555
6079,5,1985,1308,632387e3,0.0115655001718555
6079,5,1995,1294,80351e4,0.01111099999398
6079,5,2005,1561,1118703e3,0.011624000035226333
6079,5,2015,1634,1208576e3,0.011624000035226333
6079,5,2019,1650,1225196e3,0.011624000035226333
6079,6,1975,4882,1207232e3,0.0109311997890472
6079,6,1985,5200,1414693e3,0.0109311997890472
6079,6,1995,6096,1888223e3,0.010957833224286666
6079,6,2005,6778,2319961e3,0.010957833224286666
6079,6,2015,3945,594422e3,0.0111109998077154
6079,6,2019,3948,595402e3,0.0111109998077154
6079,7,1975,5139,12089e4,0.01498799957335
6079,7,1985,5164,1228e5,0.01498799957335
6079,7,1995,5183,12505e4,0.01498799957335
6079,7,2005,5196,12659e4,0.01498799957335
6079,7,2015,8555,222549e4,0.0125899999402465
6079,7,2019,8598,22542e5,0.0125899999402465
6081,6,1975,4105,106408e5,0.011391332993904999
6081,6,1985,4567,12576e6,0.011391332993904999
6081,6,1995,4888,143822e5,0.011391332993904999
6081,6,2005,2012,28657e5,0.0117909996770325
6081,6,2015,2021,28823e5,0.0117909996770325
6081,6,2019,2023,28856e5,0.0117909996770325
6081,7,2005,3017,12924e6,0.01059199962765
6081,7,2015,3114,14642e6,0.01059199962765
6081,7,2019,3136,14855e6,0.01059199962765
6083,2,1975,416,5493743.7,0.0166866997256876
6083,2,1985,416,5493743.7,0.0166866997256876
6083,2,1995,416,5493743.7,0.0166866997256876
6083,2,2005,416,5493743.7,0.0166866997256876
6083,2,2015,416,5493743.7,0.0166866997256876
6083,2,2019,416,5493743.7,0.0166866997256876
6083,3,1975,566,222076815,0.016661749687045875
6083,3,1985,567,222603815,0.016661749687045875
6083,3,1995,569,242480815,0.016661749687045875
6083,3,2005,571,266594815,0.016661749687045875
6083,3,2015,572,267411815,0.016661749687045875
6083,3,2019,572,267411815,0.016661749687045875
6083,4,1975,551,499198e3,0.012589749880135
6083,4,1985,568,523258e3,0.012589749880135
6083,4,1995,580,564463e3,0.012589749880135
6083,4,2005,586,571666e3,0.012589749880135
6083,4,2015,592,596257e3,0.012589749880135
6083,4,2019,593,599857e3,0.012589749880135
6083,5,1975,529,41134e4,0.0150379999540745
6083,5,1985,560,45495e4,0.0150379999540745
6083,5,1995,591,51874e4,0.0150379999540745
6083,5,2005,606,55379e4,0.0150379999540745
6083,5,2015,644,62139e4,0.0150379999540745
6083,5,2019,658,64969e4,0.0150379999540745
6083,6,1975,2483,47288e5,0.027078000828624
6083,6,1985,2949,55622e5,0.027078000828624
6083,7,1975,8052,99294e5,0.017785999923944
6083,7,1985,8675,10308e6,0.017785999923944
6083,7,1995,13327,183721e5,0.022432000376284
6083,7,2005,14164,20044e6,0.022432000376284
6083,7,2015,14610,214918e5,0.022432000376284
6083,7,2019,14655,217243e5,0.022432000376284
6085,3,1975,603,1337891e3,0.014063999871723375
6085,3,1985,603,1337891e3,0.014063999871723375
6085,3,1995,603,1337891e3,0.014063999871723375
6085,3,2005,603,1337891e3,0.014063999871723375
6085,3,2015,603,1337891e3,0.014063999871723375
6085,3,2019,603,1337891e3,0.014063999871723375
6085,4,1975,358,1126304e3,0.012989666623374
6085,4,1985,358,1126304e3,0.012989666623374
6085,4,1995,358,1126304e3,0.012989666623374
6085,4,2005,358,1126304e3,0.012989666623374
6085,4,2015,358,1126304e3,0.012989666623374
6085,4,2019,358,1126304e3,0.012989666623374
6085,5,1975,206,47272e4,0.020584000274539
6085,5,1985,239,50042e4,0.020584000274539
6085,5,1995,256,51222e4,0.020584000274539
6085,6,1975,3535,43958e5,0.024480499327183
6085,6,1985,4165,55455e5,0.024480499327183
6085,6,1995,4582,64044e5,0.024480499327183
6085,6,2005,3069,50609e5,0.019334999844432002
6085,6,2015,3528,57062e5,0.019334999844432002
6085,6,2019,3756,59245e5,0.019334999844432002
6085,7,1975,12980,30707e6,0.021282999776304
6085,7,1985,16627,38671e6,0.021282999776304
6085,7,1995,18889,45377e6,0.021282999776304
6085,7,2005,23491,572376e5,0.024480332930883
6085,7,2015,24047,621632e5,0.024480332930883
6085,7,2019,24154,62888e6,0.024480332930883
6087,6,1975,5329,534525e4,0.023121599853038802
6087,6,1985,6454,753246e4,0.023121599853038802
6087,6,1995,7119,98728e5,0.023121599853038802
6087,6,2005,7446,1110997e4,0.023121599853038802
6087,6,2015,7588,1146525e4,0.023121599853038802
6087,6,2019,7612,1150867e4,0.023121599853038802
6087,7,1975,17883,110068e5,0.015953999944031
6087,7,1985,21915,154433e5,0.015953999944031
6087,7,1995,23822,178272e5,0.015953999944031
6087,7,2005,24838,192141e5,0.015953999944031
6087,7,2015,25375,20025e6,0.015953999944031
6087,7,2019,25441,201193e5,0.015953999944031
6089,1,1975,1,0,0.017371999099851
6089,1,1985,1,0,0.017371999099851
6089,1,1995,1,0,0.017371999099851
6089,1,2005,1,0,0.017371999099851
6089,1,2015,1,0,0.017371999099851
6089,1,2019,1,0,0.017371999099851
6089,2,1975,90,122789300,0.0153755000792445
6089,2,1985,90,122789300,0.0153755000792445
6089,2,1995,90,122789300,0.0153755000792445
6089,2,2005,90,122789300,0.0153755000792445
6089,2,2015,90,122789300,0.0153755000792445
6089,2,2019,90,122789300,0.0153755000792445
6089,3,1975,425,34875600,0.01254816679284
6089,3,1985,425,34875600,0.01254816679284
6089,3,1995,426,35166600,0.01254816679284
6089,3,2005,426,35166600,0.01254816679284
6089,3,2015,427,35388600,0.01254816679284
6089,3,2019,427,35388600,0.01254816679284
6089,4,1975,1181,168961400,0.014042500173672874
6089,4,1985,1014,167166400,0.014023285891328428
6089,4,1995,1033,172204e3,0.014023285891328428
6089,4,2005,1054,178125e3,0.014023285891328428
6089,4,2015,1066,182783e3,0.014023285891328428
6089,4,2019,1070,184819e3,0.014023285891328428
6089,5,1975,1088,186075e3,0.013852666753034
6089,5,1985,1396,213091e3,0.0139337501022965
6089,5,1995,961,131896e3,0.013482333471377667
6089,5,2005,978,135039e3,0.013482333471377667
6089,5,2015,1000,142009e3,0.013482333471377667
6089,5,2019,1000,142009e3,0.013482333471377667
6089,6,1995,511,95315e3,0.015287999995053
6089,6,2005,554,11042e4,0.015287999995053
6089,6,2015,584,123e6,0.015287999995053
6089,6,2019,587,12355e4,0.015287999995053
6091,1,1975,1,0,0.010882999747992
6091,1,1985,1,0,0.010882999747992
6091,1,1995,1,0,0.010882999747992
6091,1,2005,1,0,0.010882999747992
6091,1,2015,1,0,0.010882999747992
6091,1,2019,1,0,0.010882999747992
6091,2,1975,41,1551400,0.012280000373721
6091,2,1985,41,1551400,0.012280000373721
6091,2,1995,41,1551400,0.012280000373721
6091,2,2005,41,1551400,0.012280000373721
6091,2,2015,41,1551400,0.012280000373721
6091,2,2019,41,1551400,0.012280000373721
6091,3,1975,299,69783100,0.01727250032126925
6091,3,1985,299,69783100,0.01727250032126925
6091,3,1995,299,69783100,0.01727250032126925
6091,3,2005,299,69783100,0.01727250032126925
6091,3,2015,299,69783100,0.01727250032126925
6091,3,2019,299,69783100,0.01727250032126925
6091,5,1975,1024,268386e3,0.019701666509112
6091,5,1985,1024,268386e3,0.019701666509112
6091,5,1995,1024,268386e3,0.019701666509112
6091,5,2005,1024,268386e3,0.019701666509112
6091,5,2015,1024,268386e3,0.019701666509112
6091,5,2019,1024,268386e3,0.019701666509112
6091,6,1975,591,17194e4,0.010683000087738
6091,6,1985,591,17194e4,0.010683000087738
6091,6,1995,591,17194e4,0.010683000087738
6091,6,2005,591,17194e4,0.010683000087738
6091,6,2015,591,17194e4,0.010683000087738
6091,6,2019,591,17194e4,0.010683000087738
6093,1,1975,42,0,0.017971499823033497
6093,1,1985,42,0,0.017971499823033497
6093,1,1995,42,0,0.017971499823033497
6093,1,2005,42,0,0.017971499823033497
6093,1,2015,42,0,0.017971499823033497
6093,1,2019,42,0,0.017971499823033497
6093,2,1975,601,27265709.5,0.013414285677884214
6093,2,1985,602,27436809.5,0.013414285677884214
6093,2,1995,602,27436809.5,0.013414285677884214
6093,2,2005,602,27436809.5,0.013414285677884214
6093,2,2015,602,27436809.5,0.013414285677884214
6093,2,2019,602,27436809.5,0.013414285677884214
6093,3,1975,1053,84818100,0.015209533398350067
6093,3,1985,1064,87224940,0.015209533398350067
6093,3,1995,1071,89283240,0.015209533398350067
6093,3,2005,1075,89810940,0.015209533398350067
6093,3,2015,1081,91638040,0.015209533398350067
6093,3,2019,1082,91730740,0.015209533398350067
6093,4,1975,1327,137146e3,0.013611666547755556
6093,4,1985,1377,153800900,0.013611666547755556
6093,4,1995,1410,165965900,0.013611666547755556
6093,4,2005,1024,76525e3,0.013392999901303429
6093,4,2015,838,55501600,0.0138779998136065
6093,4,2019,839,55686200,0.0138779998136065
6093,5,1975,2298,2029597200,0.0141772500937805
6093,5,1985,2481,2076055e3,0.0141772500937805
6093,5,1995,2576,2106305e3,0.0141772500937805
6093,5,2005,3079,2234547e3,0.014217200037092
6093,5,2015,3339,2279376e3,0.013877727345309546
6093,5,2019,2848,1619811e3,0.0138578000478447
6093,6,1975,2339,812223e3,0.010782666504383333
6093,6,1985,2486,844941e3,0.010782666504383333
6093,6,1995,2569,865512e3,0.010782666504383333
6093,6,2005,2630,880953e3,0.010782666504383333
6093,6,2015,2682,893446e3,0.010782666504383333
6093,6,2019,3186,1555627e3,0.011606249958277
6093,7,1975,3518,6104e5,0.011181999929249
6093,7,1985,4035,69344e4,0.011181999929249
6093,7,1995,4176,72092e4,0.011181999929249
6093,7,2005,4264,74302e4,0.011181999929249
6093,7,2015,4324,76182e4,0.011181999929249
6093,7,2019,4331,76435e4,0.011181999929249
6097,3,1975,89,61949e3,0.010890999808908
6097,3,1985,91,64063e3,0.010890999808908
6097,3,1995,93,65232e3,0.010890999808908
6097,3,2005,94,65978e3,0.010890999808908
6097,3,2015,95,74059e3,0.010890999808908
6097,3,2019,95,74059e3,0.010890999808908
6097,5,1975,204,35291e4,0.011091000400484
6097,5,1985,204,35291e4,0.011091000400484
6097,5,1995,205,35358e4,0.011091000400484
6097,5,2005,206,35555e4,0.011091000400484
6097,5,2015,208,3573e5,0.011091000400484
6097,5,2019,208,3573e5,0.011091000400484
6099,3,1975,365,604042e3,0.0115508001297712
6099,3,1985,369,607492e3,0.0115508001297712
6099,3,1995,173,270952e3,0.011990333596865334
6099,3,2005,173,270952e3,0.011990333596865334
6099,3,2015,173,270952e3,0.011990333596865334
6099,3,2019,173,270952e3,0.011990333596865334
6099,4,1995,207,35261e4,0.010891499929130001
6099,4,2005,211,35694e4,0.010891499929130001
6099,4,2015,220,37028e4,0.010891499929130001
6099,4,2019,220,37028e4,0.010891499929130001
6099,5,1975,875,230019e4,0.013788999679187668
6099,5,1985,906,231674e4,0.013788999679187668
6099,5,1995,945,234221e4,0.013788999679187668
6099,5,2005,1084,242892e4,0.013788999679187668
6099,5,2015,664,74497e4,0.015187999699264501
6099,5,2019,665,74514e4,0.015187999699264501
6099,6,2015,779,18602e5,0.010990999639034
6099,6,2019,852,18887e5,0.010990999639034
6103,1,1975,20,31568,0.015076000243425
6103,1,1985,20,31568,0.015076000243425
6103,1,1995,20,31568,0.015076000243425
6103,1,2005,20,31568,0.015076000243425
6103,1,2015,20,31568,0.015076000243425
6103,1,2019,20,31568,0.015076000243425
6103,2,1975,35,149560,0.014177000150084
6103,2,1985,35,149560,0.014177000150084
6103,2,1995,35,149560,0.014177000150084
6103,2,2005,35,149560,0.014177000150084
6103,2,2015,35,149560,0.014177000150084
6103,2,2019,35,149560,0.014177000150084
6103,3,1975,861,907513176,0.013866500075285584
6103,3,1985,866,908335176,0.013866500075285584
6103,3,1995,869,908575966,0.013866500075285584
6103,3,2005,872,918138966,0.013866500075285584
6103,3,2015,874,919168966,0.013866500075285584
6103,3,2019,874,919168966,0.013866500075285584
6103,4,1975,1206,1184130200,0.013241555541753889
6103,4,1985,1047,934295200,0.01362274994608025
6103,4,1995,879,907358200,0.013998714275658287
6103,4,2005,888,914119400,0.013998714275658287
6103,4,2015,891,927171200,0.013998714275658287
6103,4,2019,891,927171200,0.013998714275658287
6103,5,1975,606,2629949e3,0.012989499606192001
6103,5,1985,884,2902464e3,0.012056999839842333
6103,5,1995,1144,2957122e3,0.01179049978964025
6103,5,2005,669,365353e3,0.011224333196878334
6103,5,2015,700,374292e3,0.011224333196878334
6103,5,2019,700,374292e3,0.011224333196878334
6103,6,1975,1648,35607e4,0.011241000145674
6103,6,1985,2053,45303e4,0.011241000145674
6103,6,1995,2361,55131e4,0.011241000145674
6103,6,2005,3187,327806e4,0.011990333286424666
6103,6,2015,3435,343238e4,0.011990333286424666
6103,6,2019,3456,344249e4,0.011990333286424666
6105,1,1975,156,113082840,0.01438299993820053
6105,1,1985,164,114557440,0.01438299993820053
6105,1,1995,169,115912740,0.01438299993820053
6105,1,2005,172,117383740,0.01438299993820053
6105,1,2015,177,119016240,0.01438299993820053
6105,1,2019,153,115156240,0.014545624959282626
6105,2,1975,291,187504900,0.011893625138327625
6105,2,1985,293,187935900,0.011893625138327625
6105,2,1995,297,189577600,0.011893625138327625
6105,2,2005,298,189725500,0.011893625138327625
6105,2,2015,253,181741700,0.011767000092991857
6105,2,2019,280,186377900,0.01176875003147875
6105,3,1975,311,80733100,0.0150361999869348
6105,3,1985,317,82971300,0.0150361999869348
6105,3,1995,322,84016300,0.0150361999869348
6105,3,2005,324,84440300,0.0150361999869348
6105,3,2015,381,97212300,0.014660166731725334
6105,3,2019,387,99495300,0.014660166731725334
6105,4,1975,299,137105e3,0.014227499719709002
6105,4,1985,311,140919e3,0.014227499719709002
6105,4,1995,321,147654e3,0.014227499719709002
6105,4,2005,328,150632e3,0.014227499719709002
6105,4,2015,348,158331e3,0.014227499719709002
6105,4,2019,355,160956e3,0.014227499719709002
6105,5,1975,1744,427884e3,0.01254019998014
6105,5,1985,1962,487761e3,0.01254019998014
6105,5,1995,1062,237291e3,0.011448666453361667
6105,5,2005,591,140934e3,0.010583499912173
6105,5,2015,604,146362e3,0.010583499912173
6105,5,2019,616,151081e3,0.010583499912173
6105,6,1975,2165,4271e5,0.012529999949038001
6105,6,1985,2501,52861e4,0.012529999949038001
6105,6,1995,3739,889595e3,0.013353750109672751
6105,6,2005,4482,10858e5,0.013318799994886001
6105,6,2015,4720,1200921e3,0.013318799994886001
6105,6,2019,4810,123446e4,0.013318799994886001
6107,3,1975,432,398345e3,0.0134093999862668
6107,3,1985,437,400454e3,0.0134093999862668
6107,3,1995,355,367885e3,0.013264500070363
6107,3,2005,258,188066e3,0.014222000104685334
6107,3,2015,259,188319e3,0.014222000104685334
6107,3,2019,259,188319e3,0.014222000104685334
6107,4,1975,183,56353e3,0.019669000059366
6107,4,1985,187,57978e3,0.019669000059366
6107,4,1995,344,121444e3,0.016828999854624
6107,4,2005,463,311155e3,0.014683333225548
6107,4,2015,479,32045e4,0.014683333225548
6107,4,2019,479,32045e4,0.014683333225548
6107,5,1975,691,286151e3,0.010491500142961501
6107,5,1985,728,298471e3,0.010491500142961501
6107,5,1995,767,310546e3,0.010491500142961501
6107,5,2005,811,32553e4,0.010491500142961501
6107,5,2015,856,341441e3,0.010491500142961501
6107,5,2019,856,341441e3,0.010491500142961501
6109,3,1975,194,25032100,0.0110909999348225
6109,3,1985,97,2425e3,0.010691000148654
6109,3,1995,97,2425e3,0.010691000148654
6109,3,2005,97,2425e3,0.010691000148654
6109,3,2015,97,2425e3,0.010691000148654
6109,3,2019,97,2425e3,0.010691000148654
6109,4,1975,396,24835530,0.017076333363851
6109,4,1985,502,49317530,0.015679999953136
6109,4,1995,518,53762530,0.015679999953136
6109,4,2005,525,57245530,0.015679999953136
6109,4,2015,529,61028530,0.015679999953136
6109,4,2019,529,61028530,0.015679999953136
6109,5,1975,1054,135934e3,0.013918666479488
6109,5,1985,1171,160282e3,0.013918666479488
6109,5,1995,1252,182338e3,0.013918666479488
6109,5,2005,778,130957e3,0.0158319999463855
6109,5,2015,797,136771e3,0.0158319999463855
6109,5,2019,798,137014e3,0.0158319999463855
6109,6,1975,918,15365e4,0.012780000455678
6109,6,1985,1064,19533e4,0.012780000455678
6109,6,1995,1147,22782e4,0.012780000455678
6109,6,2005,1693,308026e3,0.0114360000006855
6109,6,2015,1720,319573e3,0.0114360000006855
6109,6,2019,1722,320499e3,0.0114360000006855
6109,7,1975,3572,10399e5,0.012889999896288
6109,7,1985,4373,13115e5,0.012889999896288
6109,7,1995,5048,15424e5,0.012889999896288
6109,7,2005,5370,16988e5,0.012889999896288
6109,7,2015,5546,17933e5,0.012889999896288
6109,7,2019,5551,17957e5,0.012889999896288
6111,2,1975,173,2876528,0.031074999831617
6111,2,1985,173,2876528,0.031074999831617
6111,2,1995,173,2876528,0.031074999831617
6111,2,2005,173,2876528,0.031074999831617
6111,2,2015,173,2876528,0.031074999831617
6111,2,2019,173,2876528,0.031074999831617
6111,3,1975,361,51400865,0.026112666508804
6111,3,1985,361,51400865,0.026112666508804
6111,3,1995,361,51400865,0.026112666508804
6111,3,2005,361,51400865,0.026112666508804
6111,3,2015,361,51400865,0.026112666508804
6111,3,2019,361,51400865,0.026112666508804
6111,4,1975,238,157007e3,0.019334500655532
6111,4,1985,238,157007e3,0.019334500655532
6111,4,1995,238,157007e3,0.019334500655532
6111,4,2005,238,157007e3,0.019334500655532
6111,4,2015,239,160017e3,0.019334500655532
6111,4,2019,239,160017e3,0.019334500655532
6111,5,1975,919,10509e5,0.0217824997380375
6111,5,1985,436,61851e4,0.014887999743223
6111,5,1995,448,65719e4,0.014887999743223
6111,5,2005,456,67902e4,0.014887999743223
6111,5,2015,462,69562e4,0.014887999743223
6111,5,2019,464,69929e4,0.014887999743223
6111,6,1975,20282,257093e5,0.0233479167024295
6111,6,1985,12396,1288107e4,0.025546222097344
6111,6,1995,7042,635276e4,0.02690714278391443
6111,6,2005,7323,664198e4,0.02690714278391443
6111,6,2015,7511,689286e4,0.02690714278391443
6111,6,2019,7577,694348e4,0.02690714278391443
6111,7,1975,41384,324582e5,0.0133394999429585
6111,7,1985,68642,602184e5,0.016536750132218
6111,7,1995,91687,885873e5,0.0173860000446439
6111,7,2005,105098,104559e6,0.0173860000446439
6111,7,2015,107962,1094945e5,0.0173860000446439
6111,7,2019,108994,1111986e5,0.0173860000446439
6115,3,1975,80,5749500,0.025159999728203
6115,3,1985,80,5749500,0.025159999728203
6115,3,1995,80,5749500,0.025159999728203
6115,3,2005,80,5749500,0.025159999728203
6115,3,2015,80,5749500,0.025159999728203
6115,3,2019,80,5749500,0.025159999728203
6115,4,1975,146,23152e3,0.022963000461459
6115,4,1985,148,23617e3,0.022963000461459
6115,4,1995,154,24968e3,0.022963000461459
6115,4,2005,155,25443e3,0.022963000461459
6115,4,2015,156,25508e3,0.022963000461459
6115,4,2019,156,25508e3,0.022963000461459
6115,5,1975,496,8758e4,0.018869999796152
6115,6,1975,651,78434e3,0.013477999716997
6115,6,1985,1284,194772e3,0.0161739997565745
6115,6,1995,1396,22241e4,0.0161739997565745
6115,6,2005,1446,23556e4,0.0161739997565745
6115,6,2015,1481,2434e5,0.0161739997565745
6115,6,2019,1485,24408e4,0.0161739997565745
NA,NA,1975,0,0,0.020976500120014
NA,NA,1985,0,0,0.020976500120014
NA,NA,1995,0,0,0.020976500120014
NA,NA,2005,0,0,0.020976500120014
NA,NA,2015,0,0,0.020976500120014
NA,NA,2019,0,0,0.020976500120014
